PDB,pdb,ud,Hemetyp,Em_lit,ligup,ligdown,Elektrode,ax_qn,ax_ql,ax_qn_r,ax_ql_r,ligup_r,ligdown_r,Kategorie,HM,*_His/His,B_-/His,C_Met/His,Kategorie2,du ,uu ,ud ,dd ,ruffling,saddling
1A6G,1A6G,ud,B,50.0,His,CO,NHE,His/CO,CO/His,andere,andere,His,andere,[],False,0,0,0,andere,0,0,1,0,7.47146839146541,11.105041357202154
1A6K,1A6K,ud,B,50.0,His,-,NHE,His/-,-/His,His/-,-/His,His,-,['B_-/His'],False,0,1,0,B_-/His,0,0,1,0,14.519886504738873,15.892665266315575
1A6M,1A6M,ud,B,50.0,His,O2,NHE,His/O2,His/O2,andere,andere,His,andere,[],False,0,0,0,andere,0,0,1,0,5.9785554781777845,9.467277425668156
1AW3,1AW3,du,B,-102.0,His,His,SHE,His/His,His/His,His/His,His/His,His,His,['*_His/His'],False,1,0,0,*_His/His,1,0,0,0,5.321410043761482,3.6002270111600376
1B5A,1B5A,du,B,-102.0,His,His,SHE,His/His,His/His,His/His,His/His,His,His,['*_His/His'],False,1,0,0,*_His/His,1,0,0,0,2.802854698055281,2.0745075554683683
1C75,1C75,du,C,47.0,Met,His,SHE,Met/His,His/Met,Met/His,His/Met,Met,His,['C_Met/His'],False,0,0,1,C_Met/His,1,0,0,0,6.87208578706704,11.705291144599865
1CCC,1CCC,uu,B,-78.0,-,His,SHE,-/His,-/His,-/His,-/His,-,His,['B_-/His'],False,0,1,0,B_-/His,0,1,0,0,24.51267719798778,21.741686303691736
1CCE,1CCE,uu,B,-127.0,-,-,SHE,-/-,-/-,andere,andere,-,-,[],False,0,0,0,andere,0,1,0,0,24.739250544594633,24.606578427152463
1CCG,1CCG,uu,B,-127.0,-,IMD,SHE,-/IMD,-/IMD,andere,andere,-,andere,[],False,0,0,0,andere,0,1,0,0,16.87063122602758,11.51065203803454
1CCK,1CCK,uu,B,-178.7,-,His,SHE,-/His,-/His,-/His,-/His,-,His,['B_-/His'],False,0,1,0,B_-/His,0,1,0,0,16.761481210422215,18.09976969549161
1CMQ,1CMQ,uu,B,-164.5,-,His,SHE,-/His,-/His,-/His,-/His,-,His,['B_-/His'],False,0,1,0,B_-/His,0,1,0,0,30.71014618895547,23.251650448546428
1CMT,1CMT,uu,B,-164.5,-,His,SHE,-/His,-/His,-/His,-/His,-,His,['B_-/His'],False,0,1,0,B_-/His,0,1,0,0,21.657506986017488,10.984077812090753
1CO6,1CO6,du,C,296.0,Met,His,SHE,Met/His,His/Met,Met/His,His/Met,Met,His,['C_Met/His'],False,0,0,1,C_Met/His,1,0,0,0,4.830196594188396,16.296827757866133
1CRY,1CRY,du,C,296.0,Met,His,SHE,Met/His,His/Met,Met/His,His/Met,Met,His,['C_Met/His'],False,0,0,1,C_Met/His,1,0,0,0,23.77711718628061,14.17751253672414
1CTJ,1CTJ,du,C,358.0,Met,His,SHE,Met/His,His/Met,Met/His,His/Met,Met,His,['C_Met/His'],False,0,0,1,C_Met/His,1,0,0,0,8.096088056969366,15.501774135812873
1CXC,1CXC,du,C,355.0,Met,His,NHE,Met/His,His/Met,Met/His,His/Met,Met,His,['C_Met/His'],False,0,0,1,C_Met/His,1,0,0,0,9.746195351443953,8.729117820160633
1CYI,1CYI,du,C,370.0,Met,His,SHE,Met/His,His/Met,Met/His,His/Met,Met,His,['C_Met/His'],False,0,0,1,C_Met/His,1,0,0,0,26.341056796870728,13.5635126517024
1CYJ,1CYJ,du,C,370.0,Met,His,SHE,Met/His,His/Met,Met/His,His/Met,Met,His,['C_Met/His'],False,0,0,1,C_Met/His,1,0,0,0,33.35747839779912,21.510531681169613
1CYO,1CYO,dd,B,-10.0,His,His,SHE,His/His,His/His,His/His,His/His,His,His,['*_His/His'],False,1,0,0,*_His/His,0,0,0,1,14.163252657485096,10.138061760320491
1DRM,1DRM,ud,B,68.0,His,-,NHE,His/-,-/His,His/-,-/His,His,-,['B_-/His'],False,0,1,0,B_-/His,0,0,1,0,16.548710510010793,5.573944385401495
1EBT,1EBT,ud,B,103.0,His,CN,NHE,His/CN,CN/His,andere,andere,His,andere,[],False,0,0,0,andere,0,0,1,0,0.19886717444724994,15.770743291590636
1EHB,1EHB,dd,B,-10.0,His,His,SHE,His/His,His/His,His/His,His/His,His,His,['*_His/His'],False,1,0,0,*_His/His,0,0,0,1,14.223193028149323,5.401331620064122
1ES1,1ES1,dd,B,12.0,His,His,SHE,His/His,His/His,His/His,His/His,His,His,['*_His/His'],False,1,0,0,*_His/His,0,0,0,1,14.270593425425556,8.460821359746571
1EUE,1EUE,dd,B,-63.0,His,His,SHE,His/His,His/His,His/His,His/His,His,His,['*_His/His'],False,1,0,0,*_His/His,0,0,0,1,7.223485950275362,1.5611641017272189
1EWH,1EWH,du,C,350.0,Tyr,His,SHE,Tyr/His,His/Tyr,andere,andere,andere,His,[],False,0,0,0,andere,1,0,0,0,23.391193338701754,17.02375076571261
1F1F,1F1F,du,C,314.0,Met,His,SHE,Met/His,His/Met,Met/His,His/Met,Met,His,['C_Met/His'],False,0,0,1,C_Met/His,1,0,0,0,11.580547895638626,20.408575785908774
1FHF,1FHF,uu,B,-443.0,-,His,SHE,-/His,-/His,-/His,-/His,-,His,['B_-/His'],False,0,1,0,B_-/His,0,1,0,0,23.562326511223887,4.364126752541475
1FLP,1FLP,ud,B,103.0,His,-,NHE,His/-,-/His,His/-,-/His,His,-,['B_-/His'],False,0,1,0,B_-/His,0,0,1,0,17.245901635623568,14.236265708461973
1GIW,1GIW,du,C,260.0,Met,His,SHE,Met/His,His/Met,Met/His,His/Met,Met,His,['C_Met/His'],False,0,0,1,C_Met/His,1,0,0,0,11.75585625169316,5.646093633769742
1HJT,1HJT,ud,B,50.0,His,NO,NHE,His/NO,His/NO,andere,andere,His,andere,[],False,0,0,0,andere,0,0,1,0,14.715312182206194,3.9023529612508416
1HRC,1HRC,du,C,260.0,Met,His,SHE,Met/His,His/Met,Met/His,His/Met,Met,His,['C_Met/His'],False,0,0,1,C_Met/His,1,0,0,0,17.430320083679792,27.56296977422993
1IO3,1IO3,du,C,296.0,Met,His,SHE,Met/His,His/Met,Met/His,His/Met,Met,His,['C_Met/His'],False,0,0,1,C_Met/His,1,0,0,0,10.277893618724343,17.50818411160929
1JBQ,1JBQ,dd,B,-291.0,His,Cys,NHE,His/Cys,Cys/His,andere,andere,His,andere,[],False,0,0,0,andere,0,0,0,1,2.61331661459871,1.8010304144361793
1JDL,1JDL,du,B,293.0,Met,His,NHE,Met/His,His/Met,Met/His,His/Met,Met,His,[],False,0,0,0,andere,1,0,0,0,8.690236179615269,9.387114924064873
1JP6,1JP6,ud,B,50.0,His,-,NHE,His/-,-/His,His/-,-/His,His,-,['B_-/His'],False,0,1,0,B_-/His,0,0,1,0,1.566410971426352,0.4239014116686619
1JP9,1JP9,ud,B,50.0,His,-,NHE,His/-,-/His,His/-,-/His,His,-,['B_-/His'],False,0,1,0,B_-/His,0,0,1,0,1.3568570115559595,0.5939719767425455
1LS9,1LS9,du,C,355.0,Met,His,SHE,Met/His,His/Met,Met/His,His/Met,Met,His,['C_Met/His'],False,0,0,1,C_Met/His,1,0,0,0,17.15429563498152,10.174707738584582
1MOH,1MOH,ud,B,103.0,His,HSH,NHE,His/HSH,HSH/His,andere,andere,His,andere,[],False,0,0,0,andere,0,0,1,0,3.7105663904668127,16.42967130798512
1MZ4,1MZ4,du,C,-240.0,His,His,NHE,His/His,His/His,His/His,His/His,His,His,['*_His/His'],False,1,0,0,*_His/His,1,0,0,0,14.313871413099122,7.230042716117951
1VB6,1VB6,dd,B,63.9,His,Met,SHE,His/Met,His/Met,andere,His/Met,His,andere,[],False,0,0,0,andere,0,0,0,1,1.1931685395438585,0.678528331476021
1YCC,1YCC,du,C,290.0,Met,His,SHE,Met/His,His/Met,Met/His,His/Met,Met,His,['C_Met/His'],False,0,0,1,C_Met/His,1,0,0,0,41.34941923860085,17.344883736802
2BGV,2BGV,du,C,255.0,Met,His,NHE,Met/His,His/Met,Met/His,His/Met,Met,His,['C_Met/His'],False,0,0,1,C_Met/His,1,0,0,0,7.690320851437877,19.56689003136394
2OYY,2OYY,uu,B,-540.0,Tyr,-,NHE,Tyr/-,-/Tyr,andere,andere,andere,-,[],False,0,0,0,andere,0,1,0,0,15.054888712955758,12.51776014943464
2V08,2V08,du,C,325.0,Met,His,SHE,Met/His,His/Met,Met/His,His/Met,Met,His,['C_Met/His'],False,0,0,1,C_Met/His,1,0,0,0,9.313973636848344,13.234851703121345
3CCX,3CCX,uu,B,-181.1,-,His,SHE,-/His,-/His,-/His,-/His,-,His,['B_-/His'],False,0,1,0,B_-/His,0,1,0,0,17.627942495328067,12.131491602592705
3CU4,3CU4,uu,C,125.0,Met,His,NHE,Met/His,His/Met,Met/His,His/Met,Met,His,['C_Met/His'],False,0,0,1,C_Met/His,0,1,0,0,9.023329033623547,6.473973751137158
451C,451C,uu,C,270.0,Met,His,SCE,Met/His,His/Met,Met/His,His/Met,Met,His,['C_Met/His'],False,0,0,1,C_Met/His,0,1,0,0,7.781706910911147,10.792403896589828
5MCS,5MCS,uu,C,125.0,Met,His,NHE,Met/His,His/Met,Met/His,His/Met,Met,His,['C_Met/His'],False,0,0,1,C_Met/His,0,1,0,0,22.34613504004496,8.198355545167972
1C2R,1C2R,du,C,350.0,Met,His,SHE,Met/His,His/Met,Met/His,His/Met,Met,His,['C_Met/His'],False,0,0,1,C_Met/His,1,0,0,0,5.587471122999856,0.8854636780301014
1CNO,1CNO,du,C,250.0,Met,His,NHE,Met/His,His/Met,Met/His,His/Met,Met,His,['C_Met/His'],False,0,0,1,C_Met/His,1,0,0,0,5.274332992144803,13.975502621728337
2PCB,2PCB,du,B,260.0,Met,His,SHE,Met/His,His/Met,Met/His,His/Met,Met,His,[],False,0,0,0,andere,1,0,0,0,5.417464891179131,16.513833755232834
1CPO,1CPO,du,B,-138.0,Cys,-,NHE,Cys/-,-/Cys,andere,andere,andere,-,[],False,0,0,0,andere,1,0,0,0,9.197187877098028,6.5041124401728725
1CRC,1CRC,du,C,260.0,Met,His,SHE,Met/His,His/Met,Met/His,His/Met,Met,His,['C_Met/His'],False,0,0,1,C_Met/His,1,0,0,0,10.579939275291565,21.945930582709455
1DJ1,1DJ1,uu,B,-172.6,-,His,SHE,-/His,-/His,-/His,-/His,-,His,['B_-/His'],False,0,1,0,B_-/His,0,1,0,0,16.334332365087608,1.3000421760280814
1F1C,1F1C,du,C,-260.0,His,His,NHE,His/His,His/His,His/His,His/His,His,His,['*_His/His'],False,1,0,0,*_His/His,1,0,0,0,8.746072709074596,12.490538017418285
1FJ0,1FJ0,du,C,350.0,Met,His,NHE,Met/His,His/Met,Met/His,His/Met,Met,His,['C_Met/His'],False,0,0,1,C_Met/His,1,0,0,0,9.040234446619696,13.024525116275525
1GU2,1GU2,ud,C,-60.0,His,His,NHE,His/His,His/His,His/His,His/His,His,His,['*_His/His'],False,1,0,0,*_His/His,0,0,1,0,14.568770509987926,16.41609022075209
1NSI,1NSI,uu,B,-347.0,Arg,Cys,NHE,Arg/Cys,Arg/Cys,andere,andere,andere,andere,[],False,0,0,0,andere,0,1,0,0,8.677639134432921,18.04401552216352
1QPU,1QPU,uu,B,168.0,Met,His,SHE,Met/His,His/Met,Met/His,His/Met,Met,His,[],False,0,0,0,andere,0,1,0,0,12.85714626935701,6.820108410459441
1YNR,1YNR,uu,C,236.0,Met,His,SCE,Met/His,His/Met,Met/His,His/Met,Met,His,['C_Met/His'],False,0,0,1,C_Met/His,0,1,0,0,8.756718179891473,12.918905774661178
2CE0,2CE0,du,C,86.0,Met,His,SHE,Met/His,His/Met,Met/His,His/Met,Met,His,['C_Met/His'],False,0,0,1,C_Met/His,1,0,0,0,7.197919013775134,13.07994424431364
2HPD,2HPD,du,B,-427.0,Cys,-,SHE,Cys/-,-/Cys,andere,andere,andere,-,[],False,0,0,0,andere,1,0,0,0,10.087080494937595,11.692510703475218
2V07,2V07,du,C,83.0,Met,His,SHE,Met/His,His/Met,Met/His,His/Met,Met,His,['C_Met/His'],False,0,0,1,C_Met/His,1,0,0,0,9.685125683528105,9.57934906739151
351C,351C,uu,C,276.0,Met,His,SCE,Met/His,His/Met,Met/His,His/Met,Met,His,['C_Met/His'],False,0,0,1,C_Met/His,0,1,0,0,10.550532172735863,9.636247792637331
4K8F,4K8F,du,B,-320.0,Pro,His,NHE,Pro/His,His/Pro,andere,andere,andere,His,[],False,0,0,0,andere,1,0,0,0,13.835858900242071,16.876339412843322
4MU8,4MU8,du,C,269.0,-,His,SHE,-/His,-/His,-/His,-/His,-,His,[],False,0,0,0,andere,1,0,0,0,11.356138379632759,17.59838722848951
6U97,6U97,uu,C,179.3,Met,His,NHE,Met/His,His/Met,Met/His,His/Met,Met,His,['C_Met/His'],False,0,0,1,C_Met/His,0,1,0,0,14.284084789725904,6.3835006999487005
2C1D_CSS,2C1D_CSS,dd,C,-432.0,CSS,His,NHE,CSS/His,CSS/His,andere,andere,andere,His,[],False,0,0,0,andere,0,0,0,1,9.577442686237736,8.328910818585326
2GSM,2GSM,du,A,300.0,-,His,NHE,-/His,-/His,-/His,-/His,-,His,[],False,0,0,0,andere,1,0,0,0,10.496312013963363,10.298891364566988
1V9Z,1V9Z,dd,B,65.5,His,Met,SHE,His/Met,His/Met,andere,His/Met,His,andere,[],False,0,0,0,andere,0,0,0,1,0.17054832938050155,1.3392396445619144
