PDB,ud,Hemetyp,Em_lit,ligup,ligdown,Elektrode,ax_qn,ax_ql,ax_qn_r,ax_ql_r,ligup_r,ligdown_r,Kategorie,HM,*_His/His,B_-/His,C_Met/His,Kategorie2,du ,uu ,ud ,dd ,ruffling,saddling,e_1_nbo,edisp_1_nbo,homo_1_nbo,lumo_1_nbo,chem_pot_1_nbo,diff_1_nbo,elekphil_1_nbo,dipole_1_nbo,qpole1_1_nbo,qpole2_1_nbo,qpole3_1_nbo,qpole4_1_nbo,e_2_nbo,edisp_2_nbo,homo_2_nbo,lumo_2_nbo,chem_pot_2_nbo,diff_2_nbo,elekphil_2_nbo,dipole_2_nbo,qpole1_2_nbo,qpole2_2_nbo,qpole3_2_nbo,qpole4_2_nbo,e_5_nbo,edisp_5_nbo,homo_5_nbo,lumo_5_nbo,chem_pot_5_nbo,diff_5_nbo,elekphil_5_nbo,dipole_5_nbo,qpole1_5_nbo,qpole2_5_nbo,qpole3_5_nbo,qpole4_5_nbo,e_6_nbo,edisp_6_nbo,homo_6_nbo,lumo_6_nbo,chem_pot_6_nbo,diff_6_nbo,elekphil_6_nbo,dipole_6_nbo,qpole1_6_nbo,qpole2_6_nbo,qpole3_6_nbo,qpole4_6_nbo,edif-2-1,edif-2-5,edif-6-1,edif-6-5
1AW3,du,B,-102.0,His,His,SHE,His/His,His/His,His/His,His/His,His,His,['*_His/His'],False,1,0,0,*_His/His,1,0,0,0,5.321410043761482,3.6002270111600376,-3627.6797475999997,-89.6149574180127,-0.17357,-0.06967000000000001,-0.12162,0.1039,0.07118,5.0162,46.63685542013644,-14.416439876066024,-32.22041554407041,58.489188720038,-3627.5052530999997,-89.6149574180127,-0.29308,-0.1792,-0.23614000000000002,0.11388,0.24483000000000002,8.3241,36.16428198476302,-12.79331314458824,-23.370968840174786,44.91910882038257,-3627.6634704999997,-89.6149574180127,-0.17755,-0.07264,-0.1251,0.10490999999999999,0.07458,4.9315,49.260574490265796,-16.569420616002752,-32.69115387426305,61.39919739126714,-3627.4989357,-89.6149574180127,-0.29336,-0.17995,-0.23665999999999998,0.11341,0.24691999999999997,8.3028,35.294885987038214,-12.16918766995576,-23.12569831708245,43.916011067005385,0.17449450000003708,0.15821740000001228,0.18081189999975322,0.16453479999972842
1F1C,du,C,-260.0,His,His,NHE,His/His,His/His,His/His,His/His,His,His,['*_His/His'],False,1,0,0,*_His/His,1,0,0,0,8.746072709074596,12.490538017418285,-3628.7709564999996,-90.08765252106888,-0.1265,-0.10105,-0.11377999999999999,0.02545,0.25432,7.4081,37.251053320667594,7.242297910809107,-44.49335123147669,58.478629911581194,-3628.6145949,-90.08765252106888,-0.26849,-0.2305,-0.2495,0.037989999999999996,0.81927,16.5694,21.51333052714612,2.044093372528181,-23.557423899674298,31.968014152818387,-3628.8151104000003,-90.08765252106888,-0.16744,-0.0679,-0.11767000000000001,0.09954,0.06955,8.3939,34.91750046885141,5.572242620992142,-40.48974308984354,53.75593940381402,-3628.6534418000006,-90.08765252106888,-0.27381,-0.17675,-0.22528,0.09706000000000001,0.26144,11.5338,26.46027636961467,6.0648141868364505,-32.52509055645112,42.36519458686088,0.15636159999939991,0.20051550000016505,0.117514699998992,0.16166859999975713
1DJ1,uu,B,-172.6,-,His,SHE,-/His,-/His,-/His,-/His,-,His,['B_-/His'],False,0,1,0,B_-/His,0,1,0,0,16.334332365087608,1.3000421760280814,-3438.6038188,-78.6325274498695,-0.18873,-0.08504,-0.13689,0.10369,0.09035,4.3771,53.38710719211604,-0.12263095948699032,-53.26447623262905,75.4142074216193,-3438.3831736999996,-78.6325274498695,-0.30489,-0.20506999999999997,-0.25498000000000004,0.09982,0.32566,8.711,46.61491395054986,-1.5020948734778299,-45.11281907707203,64.88738657402,-3438.6083842,-78.6325274498695,-0.18375999999999998,-0.08549,-0.13462000000000002,0.09827000000000001,0.09221,4.439,52.9576449068721,0.06731144952274802,-53.02495635639485,74.94106138500555,-3438.4069958000005,-78.6325274498695,-0.30038000000000004,-0.19567,-0.24802,0.10471,0.29375,9.0051,47.237103991844464,-0.9960148379270422,-46.241089153917414,66.11031965763165,0.2206451000006382,0.22521050000023024,0.1968229999997675,0.20138839999935954
1A6G,ud,B,50.0,His,CO,NHE,His/CO,CO/His,andere,andere,His,andere,[],False,0,0,0,andere,0,0,1,0,7.47146839146541,11.105041357202154,-3475.4717259000004,-81.29126800533382,-0.16762,-0.09782,-0.13272,0.0698,0.12618,3.8308,28.3143777153185,-9.751172562397123,-18.563205152921373,35.23325042267011,-3475.2857999,-81.29126800533382,-0.29841999999999996,-0.24088,-0.26965,0.05754,0.63183,6.0276,51.02028786450299,-17.541541652532903,-33.478746211970076,63.49489665903465,-3475.4502369,-81.29126800533382,-0.15907000000000002,-0.07591,-0.11749000000000001,0.08316,0.083,2.4858,29.722477955273103,-7.264996352769227,-22.457481602503872,37.95450365548528,-3475.2390596,-81.29126800533382,-0.27928000000000003,-0.20387,-0.24156999999999998,0.07541,0.38694,3.0235,35.28504918708,-13.1949809234425,-22.090068263637495,43.67050877005931,0.18592600000056336,0.16443700000036188,0.23266630000034638,0.2111773000001449
4MU8,du,C,269.0,-,His,SHE,-/His,-/His,-/His,-/His,-,His,[],False,0,0,0,andere,1,0,0,0,11.356138379632759,17.59838722848951,-3439.6628789000006,-81.38141407053735,-0.13573,-0.11010999999999999,-0.12292,0.02562,0.29486999999999997,4.9654,34.65273547747128,7.152501041027534,-41.80523651849881,54.76904369788762,-3439.4951710999994,-81.38141407053735,-0.27284,-0.23262,-0.25273,0.04022,0.79404,15.7196,19.611611685499607,11.364183251060789,-30.975794936560398,38.38306717575285,-3439.6839999,-81.38141407053735,-0.15655,-0.08029,-0.11842000000000001,0.07626000000000001,0.09194,5.3087,34.7766462375582,6.397362538017646,-41.17400877557584,54.27375397838047,-3439.5094389,-81.38141407053735,-0.27869,-0.22141999999999998,-0.25006,0.05727,0.5459,8.8811,32.568814013275954,2.5065903945725267,-35.07540440784848,47.93010156479579,0.16770780000115337,0.18882880000046498,0.15344000000050073,0.17456099999981234
1JBQ,dd,B,-291.0,His,Cys,NHE,His/Cys,Cys/His,andere,andere,His,andere,[],False,0,0,0,andere,0,0,0,1,2.61331661459871,1.8010304144361793,-3800.4874641,-86.09542409503317,-0.18091,-0.1027,-0.1418,0.07821,0.12855999999999998,11.8271,35.11113577133645,2.6036321481046016,-37.714767919441044,51.59432598854685,-3800.2766541,-86.09542409503317,-0.27657,-0.21029,-0.24343,0.06627999999999999,0.44703000000000004,12.319,27.854290239333334,-0.41375386561738736,-27.44053637371595,39.10263051755995,-3800.5025952,-86.09542409503317,-0.17632,-0.0924,-0.13435999999999998,0.08392000000000001,0.10755999999999999,12.0538,31.460958444097844,4.3512636609900115,-35.812222105087855,47.86690562145047,-3800.2971452,-86.09542409503317,-0.28815999999999997,-0.20881,-0.24849000000000002,0.07935,0.38906999999999997,12.4362,27.950189195133177,0.8968495625033235,-28.8470387576365,40.176722866183155,0.2108100000000377,0.2259411,0.19031889999996565,0.20544999999992797
1CRY,du,C,296.0,Met,His,SHE,Met/His,His/Met,Met/His,His/Met,Met,His,['C_Met/His'],False,0,0,1,C_Met/His,1,0,0,0,23.77711718628061,14.17751253672414,-3880.4602340000006,-93.94658908713879,-0.1274,-0.11027,-0.11884000000000002,0.017130000000000003,0.41218999999999995,3.4894,31.983696153449603,1.7317641662564185,-33.71546031970602,46.504710420917455,-3880.3553761999992,-93.94658908713879,-0.28767,-0.17764000000000002,-0.23265999999999998,0.11002999999999999,0.24597,6.4414,30.49066485810906,2.9756222714586578,-33.46628712956772,45.370996744953686,-3880.5055687,-93.94658908713879,-0.13296,-0.06586,-0.09941,0.0671,0.07364,3.6476,32.156403746545124,0.7746383566362738,-32.9310421031814,46.03355189962968,-3880.3379827,-93.94658908713879,-0.28708,-0.18459,-0.23584000000000002,0.10249000000000001,0.27133,6.5074,30.402940120011397,3.2423063644808607,-33.64524648449225,45.46266522658335,0.10485780000135492,0.15019250000068496,0.12225130000069839,0.16758600000002843
1A6M,ud,B,50.0,His,O2,NHE,His/O2,His/O2,andere,andere,His,andere,[],False,0,0,0,andere,0,0,1,0,5.9785554781777845,9.467277425668156,-3512.4498768,-80.4980631542816,-0.16727,-0.11119000000000001,-0.13923,0.05608,0.17282999999999998,5.1865,28.486568391356702,-10.96748957952569,-17.519078811831015,35.195007188535875,-3512.2898771,-80.49806321706042,-0.30166,-0.21533000000000002,-0.25849,0.08632999999999999,0.387,5.7808,50.95659049686813,-14.715269830062953,-36.24132066680517,64.23820206786047,-3512.4855513,-80.49806321706042,-0.17179,-0.07832,-0.12505,0.09347000000000001,0.08366,4.8283,31.51073192043093,-11.630248654530922,-19.880483265900008,39.031045683394936,-3512.2653530999996,-80.49806321706042,-0.27525,-0.18771,-0.23148000000000002,0.08753999999999999,0.30605,3.7310000000000003,34.59616972898304,-12.411982262090074,-22.18418746689297,42.9312291596373,0.15999969999984387,0.1956742000002123,0.1845237000002271,0.22019820000059553
3CCX,uu,B,-181.1,-,His,SHE,-/His,-/His,-/His,-/His,-,His,['B_-/His'],False,0,1,0,B_-/His,0,1,0,0,17.627942495328067,12.131491602592705,-3362.2323393,-75.52135802465499,-0.18828,-0.08217,-0.13523,0.10611,0.08616,5.1473,25.960560755924874,16.318535767160274,-42.27909652308513,52.22803200537531,-3362.0357324,-75.52135802465499,-0.30196999999999996,-0.24322,-0.2726,0.05875,0.63241,9.3908,24.8133371707614,13.420308358392106,-38.233645529153506,47.51439811713055,-3362.2613768,-75.52135802465499,-0.17727,-0.08164,-0.12946,0.09562999999999999,0.08762,5.4167,26.440214670529052,16.13392776423046,-42.57414243475951,52.64927524863987,-3362.0184340000005,-75.52135802465499,-0.25487,-0.22443000000000002,-0.23965,0.03044,0.94337,11.344000000000001,19.070280005638445,16.89395803556276,-35.96423804120121,44.07389040560175,0.19660690000000614,0.22564439999996466,0.21390529999962382,0.24294279999958235
1CXC,du,C,355.0,Met,His,NHE,Met/His,His/Met,Met/His,His/Met,Met,His,['C_Met/His'],False,0,0,1,C_Met/His,1,0,0,0,9.746195351443953,8.729117820160633,-3880.5351545000003,-94.38860945580905,-0.13304000000000002,-0.10780999999999999,-0.12043,0.025230000000000002,0.2874,3.2818,16.489394008166727,1.2240528388612049,-17.713446847027928,24.23147991903429,-3880.3803931,-94.38860945580905,-0.28263,-0.23579,-0.25921,0.04684,0.71723,11.7413,26.007021633140685,8.437898678074912,-34.444920311215604,43.97744698790618,-3880.5640744,-94.38860945580905,-0.15099,-0.06817000000000001,-0.10958,0.08282,0.07249,4.0132,17.98801340507298,1.3683441453837162,-19.356357550456696,26.459583700096516,-3880.3799071999997,-94.38860945580905,-0.27754,-0.19258,-0.23506,0.08496000000000001,0.32516999999999996,7.2883,23.32312485814488,3.6017277381746133,-26.92485259631949,35.80346747428361,0.15476140000009764,0.18368129999998928,0.15524730000061027,0.1841672000005019
1CMQ,uu,B,-164.5,-,His,SHE,-/His,-/His,-/His,-/His,-,His,['B_-/His'],False,0,1,0,B_-/His,0,1,0,0,30.71014618895547,23.251650448546428,-3438.5999029,-78.78934451320916,-0.18325,-0.08619,-0.13472,0.09706000000000001,0.0935,4.8431,24.929897836795288,13.325321353682888,-38.25521919047817,47.56601508055407,-3438.4082125,-78.78934451320916,-0.29096,-0.19341,-0.24218,0.09755,0.30063,9.5523,22.23694051192211,10.2182324422595,-32.455172954181606,40.64765733737926,-3438.6003681999996,-78.78934451320916,-0.18214,-0.08956,-0.13585,0.09258,0.09967000000000001,5.2549,24.80056067838048,11.863613441646304,-36.664174120026786,45.82657305274404,-3438.4147294,-78.78934451320916,-0.29256,-0.19302,-0.24279,0.09954,0.2961,9.6126,22.557407043108164,9.882519259508896,-32.43992630261706,40.72897761965376,0.1916903999999704,0.1921556999996028,0.18517350000001898,0.18563879999965138
1QPU,uu,B,168.0,Met,His,SHE,Met/His,His/Met,Met/His,His/Met,Met,His,[],False,0,0,0,andere,0,1,0,0,12.85714626935701,6.820108410459441,-3879.195683,-94.64260094311176,-0.16396,-0.08672,-0.12534,0.07724,0.1017,5.2631,22.406064575200315,11.4163161944328,-33.822380769633114,42.14638120181408,-3879.0111397,-94.64260094311176,-0.27119,-0.2176,-0.24439,0.05359,0.55728,7.5838,46.397587303230374,-11.306737126762036,-35.09085017646833,59.26167547735448,-3879.1847871,-94.64260094311176,-0.11382,-0.06274,-0.08828,0.05108,0.07629,3.9321,29.35033684788415,15.70838927197628,-45.05872611986043,56.022179206160146,-3878.9887538000003,-94.64260094311176,-0.25859,-0.21902,-0.2388,0.03957,0.72059,9.1844,24.152789957861994,1.9162788300093965,-26.06906878787139,35.58968579733414,0.1845432999998593,0.17364739999993617,0.20692919999964943,0.1960332999997263
1JP9,ud,B,50.0,His,-,NHE,His/-,-/His,His/-,-/His,His,-,['B_-/His'],False,0,1,0,B_-/His,0,0,1,0,1.3568570115559595,0.5939719767425455,-3438.4917978,-80.45907291613732,-0.15478,-0.09966,-0.12722,0.05512,0.14682,6.3832,18.809174331220525,-1.3250912843725258,-17.484083046848,25.7144719160873,-3438.3257162,-80.45907291613732,-0.29914,-0.2363,-0.26771999999999996,0.06284,0.57029,10.0773,41.23505789803242,-6.218399221310492,-35.01665867672193,54.45332747970253,-3438.5399541999996,-80.45907291613732,-0.1715,-0.07304,-0.12227,0.09846,0.07592,5.8843,22.443141703989934,-8.049802690982036,-14.393339013007903,27.85071167587085,-3438.3367100999994,-80.45907291613732,-0.27873000000000003,-0.21479,-0.24675999999999998,0.06394,0.47615,6.9764,28.271999325748844,-1.73752263741644,-26.534476688332404,38.81241275564215,0.16608159999987038,0.21423799999956827,0.15508770000042205,0.20324410000011994
1V9Z,dd,B,65.5,His,Met,SHE,His/Met,His/Met,andere,His/Met,His,andere,[],False,0,0,0,andere,0,0,0,1,0.17054832938050155,1.3392396445619144,-3879.3065383000003,-91.39771269975272,-0.18473,-0.0876,-0.13617,0.09713,0.09544,7.9086,29.883260897038287,5.844605109954276,-35.72786600699257,46.943041019360656,-3879.1920053000003,-91.31763364396414,-0.28392,-0.19914,-0.24153000000000002,0.08478,0.34405,7.8282,29.273958819721614,-4.511703881064597,-24.762254938657023,38.606856988574116,-3879.296032,-91.39771269975272,-0.16813,-0.08506,-0.1266,0.08307,0.09646,8.4399,27.114229399025607,8.693268884896668,-35.80749828392227,45.748566023004415,-3879.2084236999995,-91.31763364396414,-0.28636999999999996,-0.18112999999999999,-0.23375,0.10524000000000001,0.25959,8.1198,29.03220996726528,-5.3489399167021645,-23.68327005056312,37.846765437798865,0.1145329999999376,0.10402669999984937,0.09811460000082661,0.08760830000073838
1A6K,ud,B,50.0,His,-,NHE,His/-,-/His,His/-,-/His,His,-,['B_-/His'],False,0,1,0,B_-/His,0,0,1,0,14.519886504738873,15.892665266315575,-3438.491317,-80.0827408031137,-0.17131,-0.08915,-0.13022999999999998,0.08216,0.10321,4.3748,28.284534184738437,-7.050285617324168,-21.234248567414266,36.06403629041292,-3438.2771778000006,-80.0827408031137,-0.27616999999999997,-0.22419,-0.25018,0.05198,0.60206,2.7231,33.88645337426602,-13.315176620644438,-20.57127675362158,41.81821466776591,-3438.5012385,-80.0827408031137,-0.17265999999999998,-0.09158,-0.13212000000000002,0.08108,0.10764000000000001,4.2376,28.19833318231727,-7.505362854253871,-20.692970328063407,35.772552122151275,-3438.303636,-80.0827408031137,-0.29908,-0.20820999999999998,-0.25365,0.09087,0.354,4.6152,45.4494114207347,-16.19391843658241,-29.255492984152287,56.42495779854582,0.21413919999940845,0.22406069999942702,0.18768099999988408,0.19760249999990265
1EUE,dd,B,-63.0,His,His,SHE,His/His,His/His,His/His,His/His,His,His,['*_His/His'],False,1,0,0,*_His/His,0,0,0,1,7.223485950275362,1.5611641017272189,-3627.4851729,-89.07529362593753,-0.17620999999999998,-0.08507999999999999,-0.13065,0.09112999999999999,0.09365,5.0877,44.22945750462379,-12.797519870711673,-31.43193763391211,55.74933297230755,-3627.3251477,-89.07529362593753,-0.29102,-0.17769000000000001,-0.23435,0.11333,0.24231,9.1676,29.53244849257145,-8.501608482874971,-21.03084000969648,37.23894590715382,-3627.4583814000002,-89.07529362593753,-0.11345999999999999,-0.07983,-0.09665,0.03363,0.13887,3.9672,51.883078145988215,-22.571400744886326,-29.31167740110189,63.722024183711575,-3627.3095111999996,-89.07529362593753,-0.2707,-0.17726,-0.22398,0.09344,0.26845,9.7555,25.05460071713305,-7.980356828919888,-17.074243888213164,31.35201614834423,0.16002520000029108,0.1332337000003463,0.17566170000054626,0.14887020000060147
1NSI,uu,B,-347.0,Arg,Cys,NHE,Arg/Cys,Arg/Cys,andere,andere,andere,andere,[],False,0,0,0,andere,0,1,0,0,8.677639134432921,18.04401552216352,-3535.484611,-74.10025659215418,-0.18785,-0.07388,-0.13087000000000001,0.11397,0.07513,4.8137,30.957588103480987,-6.884515898703417,-24.07307220477757,39.81559525764649,-3535.2802641999997,-74.10025659215418,-0.30461,-0.25299,-0.2788,0.051620000000000006,0.7529,8.5684,39.00500718573293,-9.727436957237202,-29.27757022849573,49.731174647851546,-3535.4856335999993,-74.10025659215418,-0.1707,-0.07678,-0.12374,0.09392,0.08151,4.7192,30.237775122113728,-7.9594298061766375,-22.27834531593709,38.392710729917326,-3535.2807454000003,-74.10025659215418,-0.30176,-0.19194,-0.24685,0.10982,0.27743,8.6203,41.22515179897735,-10.840869455337431,-30.38428234363992,52.34732280579802,0.2043468000001667,0.20536939999965398,0.20386559999951714,0.20488819999900443
1JDL,du,B,293.0,Met,His,NHE,Met/His,His/Met,Met/His,His/Met,Met,His,[],False,0,0,0,andere,1,0,0,0,8.690236179615269,9.387114924064873,-3879.4054453000003,-93.34748006882047,-0.18688,-0.07927999999999999,-0.13308,0.1076,0.0823,10.9959,39.12551570249797,11.137549200131481,-50.26306490262945,64.6624054190509,-3879.2149036,-93.34748006882047,-0.29336999999999996,-0.18765,-0.24051,0.10572000000000001,0.27358000000000005,12.8625,31.327084498025503,14.200761728231571,-45.527846226257076,57.05990395023589,-3879.3609744000005,-93.34748006882047,-0.12159,-0.08404,-0.10282000000000001,0.03755,0.14076,10.8827,41.2740134621355,9.107072431964838,-50.381085894100345,65.76273086956101,-3879.1940634999996,-93.34748006882047,-0.29536999999999997,-0.18975,-0.24256,0.10562,0.27852,13.2347,30.37754354783136,15.050672192473016,-45.42821574030437,56.683689636378716,0.19054170000026716,0.14607080000041606,0.2113818000007086,0.1669109000008575
1CCK,uu,B,-178.7,-,His,SHE,-/His,-/His,-/His,-/His,-,His,['B_-/His'],False,0,1,0,B_-/His,0,1,0,0,16.761481210422215,18.09976969549161,-3438.4632563,-78.52821065167973,-0.18189,-0.10026,-0.14107999999999998,0.08163,0.1219,8.8134,23.965461175734873,3.5985056953787167,-27.563966871113585,36.70238197007349,-3438.2602284,-78.52821065167973,-0.29381,-0.24366999999999997,-0.26874000000000003,0.05014,0.7202,12.690999999999999,34.545344877448464,-9.29120070262967,-25.254144174818798,43.78902900500232,-3438.4681871,-78.52821065167973,-0.17502,-0.08621000000000001,-0.13062,0.08881,0.09605,8.4346,23.153963507889586,3.2797201453229867,-26.433683653212572,35.29309028456473,-3438.2857505,-78.52821065167973,-0.28417,-0.2177,-0.25094,0.06647,0.47366,11.082,27.470039411873003,-11.023137514972728,-16.446901896900275,33.861677571705115,0.2030279000000519,0.20795869999983552,0.1775057999998353,0.18243659999961892
1DRM,ud,B,68.0,His,-,NHE,His/-,-/His,His/-,-/His,His,-,['B_-/His'],False,0,1,0,B_-/His,0,0,1,0,16.548710510010793,5.573944385401495,-3361.9760591,-77.03651415275988,-0.18015,-0.08556,-0.13285999999999998,0.09459,0.0933,12.8756,21.133795192884477,14.6227268515696,-35.756522044454066,44.03396766753969,-3361.7612117,-77.03651415275988,-0.30132,-0.20075,-0.25104,0.10057,0.31331,13.8438,29.19187974858598,12.7487645565907,-41.940644305176676,52.66606576495802,-3361.9813437,-77.03651415275988,-0.13292,-0.07195,-0.10243,0.06097,0.08605,13.6645,19.507700312700482,15.737236218016108,-35.244936530716586,43.248312410150916,-3361.7946471999994,-77.03651415275988,-0.29336999999999996,-0.20462,-0.249,0.08875,0.34929,14.7609,27.614254335925345,11.838730415797414,-39.45298475172275,49.59073084969375,0.2148474000000533,0.2201319999999214,0.1814119000005121,0.18669650000038018
1YCC,du,C,290.0,Met,His,SHE,Met/His,His/Met,Met/His,His/Met,Met,His,['C_Met/His'],False,0,0,1,C_Met/His,1,0,0,0,41.34941923860085,17.344883736802,-3880.4795585,-93.56652141065122,-0.13454000000000002,-0.11087999999999999,-0.12270999999999999,0.02366,0.31821,3.8501,30.504397707808156,-8.900510591440803,-21.60388711636735,38.424800674059775,-3880.3637983000003,-93.56652141065122,-0.28847,-0.18075,-0.23460999999999999,0.10772000000000001,0.25549,6.8203,22.30562512784521,-3.962413209465936,-18.343211918379282,29.14987229923253,-3880.5154272,-93.56652141065122,-0.14182,-0.0728,-0.10730999999999999,0.06902,0.08342000000000001,4.6471,26.289327019576756,-9.14490931429568,-17.144417705281068,32.690811246619376,-3880.332288,-93.56652141065122,-0.28312,-0.19998,-0.24155,0.08313999999999999,0.35089000000000004,7.0159,20.336141086258934,-2.2952843153440305,-18.040856770914907,27.281852537102687,0.11576019999984055,0.15162889999965046,0.14727050000010422,0.18313919999991413
1CYO,dd,B,-10.0,His,His,SHE,His/His,His/His,His/His,His/His,His,His,['*_His/His'],False,1,0,0,*_His/His,0,0,0,1,14.163252657485096,10.138061760320491,-3627.5400671999996,-91.31237178929182,-0.1672,-0.08274,-0.12497,0.08446000000000001,0.09246,4.7276,48.62663543691724,-7.256348066359499,-41.37028737055774,64.25499932532522,-3627.3655223000005,-91.31237178929182,-0.26994,-0.1826,-0.22626999999999997,0.08734,0.2931,7.3624,36.38127983748391,-2.7365066662926054,-33.644773171191304,49.629192549233466,-3627.5212398000003,-91.31237178929182,-0.11242,-0.055529999999999996,-0.08398,0.056889999999999996,0.06197999999999999,4.7221,56.95483701704335,-5.658634680864033,-51.29620233617932,76.85814192526188,-3627.3452553,-91.31237178929182,-0.26914,-0.18533,-0.22723000000000002,0.08381,0.30805,7.4985,33.36341644822472,-2.047926309535484,-31.31549013868924,45.803618655006964,0.17454489999909129,0.15571749999980966,0.19481189999942217,0.17598450000014054
1GU2,ud,C,-60.0,His,His,NHE,His/His,His/His,His/His,His/His,His,His,['*_His/His'],False,1,0,0,*_His/His,0,0,1,0,14.568770509987926,16.41609022075209,-3628.7908672,-91.195246706879,-0.1237,-0.09996000000000001,-0.11183,0.02374,0.26339,5.8865,22.60828785379348,8.362329998633252,-30.97061785242673,39.245922244827945,-3628.6871516999995,-91.195246706879,-0.27174,-0.18048,-0.22610999999999998,0.09126000000000001,0.28010999999999997,5.7965,22.988267685602,-0.5352268996628382,-22.45304078593916,32.13854320833574,-3628.8192358,-91.195246706879,-0.14959,-0.05855,-0.10407000000000001,0.09104,0.05948,5.8116,21.47634934291191,8.034154687757464,-29.51050403066937,37.37179510249583,-3628.6718093000004,-91.195246706879,-0.27333,-0.16859000000000002,-0.22096,0.10474000000000001,0.23306999999999997,5.9916,24.185778597738214,-1.4004820657801211,-22.785296531958092,33.25782576243741,0.10371550000036223,0.13208410000061122,0.11905789999946137,0.14742649999971036
1CYI,du,C,370.0,Met,His,SHE,Met/His,His/Met,Met/His,His/Met,Met,His,['C_Met/His'],False,0,0,1,C_Met/His,1,0,0,0,26.341056796870728,13.5635126517024,-3880.2729229999995,-93.83241637388441,-0.13285999999999998,-0.11244000000000001,-0.12265,0.020419999999999997,0.36834,8.7625,19.46132931702088,6.0232100153699015,-25.48453933239078,32.62643318934758,-3880.1544358,-93.83241637388441,-0.28164,-0.18289,-0.23226,0.09875,0.27315,9.6496,21.733629949382106,-3.917175116849318,-17.816454832532784,28.374654085511303,-3880.3057356,-93.83241637388441,-0.14843,-0.07525,-0.11184000000000001,0.07318,0.08546000000000001,9.2303,18.64715031768997,3.490423719330046,-22.137574037020016,29.15426996094277,-3880.1292581999996,-93.83241637388441,-0.2828,-0.20648000000000002,-0.24464,0.07632,0.39209,10.1808,25.255236822917286,-10.611028069551054,-14.644208753366227,31.062417061243085,0.11848719999943569,0.15129979999983334,0.1436647999998968,0.17647740000029444
1FHF,uu,B,-443.0,-,His,SHE,-/His,-/His,-/His,-/His,-,His,['B_-/His'],False,0,1,0,B_-/His,0,1,0,0,23.562326511223887,4.364126752541475,-3455.422494,-78.68582126383505,-0.1609,-0.09963999999999999,-0.13027,0.06126,0.13851,4.3885,42.0983687602411,9.593716524484812,-51.692085284725906,67.35268168461293,-3455.2265056999995,-78.68582126383505,-0.26514,-0.20617,-0.23565999999999998,0.05897,0.47086000000000006,9.5411,27.787161109396553,9.850890473363563,-37.63805158276011,47.80992880756336,-3455.4555316,-78.68582126383505,-0.17172,-0.07166,-0.12169,0.10006,0.07400000000000001,5.3105,37.296807627340606,7.870545562627001,-45.167353189967606,59.102344630577186,-3455.2753996,-78.68582126383505,-0.27867,-0.18374000000000001,-0.2312,0.09493,0.28155,9.5948,26.239482035474854,10.328073870334727,-36.56755590580958,46.17754510891205,0.19598830000040834,0.22902590000057899,0.14709439999978713,0.18013199999995777
1CMT,uu,B,-164.5,-,His,SHE,-/His,-/His,-/His,-/His,-,His,['B_-/His'],False,0,1,0,B_-/His,0,1,0,0,21.657506986017488,10.984077812090753,-3438.540003,-78.78968004259846,-0.19009,-0.10056,-0.14533,0.08953,0.11795,5.7389,35.56959306606265,-8.457295518382196,-27.112297547680456,45.517013028021076,-3438.3413125,-78.78968004259846,-0.30453,-0.20272,-0.25361999999999996,0.10181,0.31590999999999997,10.3841,21.034863928722952,-3.28235517760702,-17.752508751115933,27.719865120772692,-3438.5488998000005,-78.78968004259846,-0.18889,-0.09713,-0.14301,0.09176000000000001,0.11144000000000001,6.7024,32.66803124140466,-2.0021569935783035,-30.665874247826363,44.850916837895575,-3438.3303575000004,-78.78968004259846,-0.27712,-0.22279000000000002,-0.24995,0.054329999999999996,0.57498,10.8748,24.38899458100882,-4.392204785471183,-19.99678979553764,31.843148739986624,0.1986904999998842,0.2075873000003412,0.209645499999624,0.218542300000081
1GIW,du,C,260.0,Met,His,SHE,Met/His,His/Met,Met/His,His/Met,Met,His,['C_Met/His'],False,0,0,1,C_Met/His,1,0,0,0,11.75585625169316,5.646093633769742,-3880.5096788,-93.6237537873876,-0.14855,-0.12475,-0.13665,0.0238,0.39229,6.0687,32.88151564288384,-12.681803562551046,-20.199712080332798,40.62081465501461,-3880.3774986000003,-93.6237537873876,-0.29552,-0.18872,-0.24211999999999997,0.1068,0.27445,6.3437,35.39515592321409,-7.442320900636549,-27.952835022577528,45.7117729804492,-3880.5409035999996,-93.6237537873876,-0.15628,-0.07309,-0.11469000000000001,0.08319,0.07905,5.7003,32.39499204970342,-12.441753912178722,-19.9532381375247,40.02954486981249,-3880.3571113000007,-93.6237537873876,-0.28916,-0.21930999999999998,-0.25423,0.06985,0.46266999999999997,5.9799,34.974123173610025,-9.147574982581368,-25.826548191028657,44.4283469340051,0.13218019999976605,0.16340499999932945,0.15256749999934982,0.18379229999891322
1CCC,uu,B,-78.0,-,His,SHE,-/His,-/His,-/His,-/His,-,His,['B_-/His'],False,0,1,0,B_-/His,0,1,0,0,24.51267719798778,21.741686303691736,-3438.5981983,-78.35885726652758,-0.17778,-0.08192999999999999,-0.12985,0.09585,0.08796,3.9883,27.61107362734178,12.509279586279867,-40.12035321362165,50.284154632546255,-3438.4146717,-78.35885726652758,-0.29431,-0.18916,-0.24174,0.10515,0.27787,8.3985,19.87621457781053,12.217882127603605,-32.09409670541413,39.67835169161714,-3438.5884376999998,-78.35885726652758,-0.18101,-0.08345,-0.13223,0.09756000000000001,0.08961000000000001,4.3505,28.577236744269342,9.831298544577002,-38.408535288846345,48.872573822942,-3438.4086506,-78.35885726652758,-0.28838,-0.19091,-0.23964000000000002,0.09747,0.2946,8.1787,21.453719323535896,11.527408864532173,-32.98112818806807,40.998756593285215,0.18352660000027754,0.17376599999988684,0.18954770000027565,0.17978709999988496
1MZ4,du,C,-240.0,His,His,NHE,His/His,His/His,His/His,His/His,His,His,['*_His/His'],False,1,0,0,*_His/His,1,0,0,0,14.313871413099122,7.230042716117951,-3628.7862096,-91.3792017987577,-0.12877,-0.10449000000000001,-0.11663,0.02428,0.28012,7.9595,47.42952012997014,-6.601625578605088,-40.82789455136505,62.928990247235966,-3628.6631353,-91.3792017987577,-0.27391,-0.17865999999999999,-0.22629000000000002,0.09525,0.26879000000000003,12.0373,34.74292453291411,-4.87627918131945,-29.86664535159466,46.07456357158324,-3628.7904026,-91.3792017987577,-0.14331,-0.06646,-0.10489000000000001,0.07685,0.07157000000000001,8.9377,43.66324367185532,-6.78705732050492,-36.8761863513504,57.55341966242454,-3628.6502361000003,-91.3792017987577,-0.27508,-0.17638,-0.22573000000000001,0.0987,0.25813,12.0258,32.889865726833946,-4.255545366022634,-28.63432036081131,43.81526259669131,0.12307430000009845,0.1272673000003124,0.13597349999963626,0.1401664999998502
1C75,du,C,47.0,Met,His,SHE,Met/His,His/Met,Met/His,His/Met,Met,His,['C_Met/His'],False,0,0,1,C_Met/His,1,0,0,0,6.87208578706704,11.705291144599865,-3881.4704346999997,-98.07267664026782,-0.17273,-0.0565,-0.11460999999999999,0.11623,0.056510000000000005,6.5556,21.428822470279066,4.532156984054059,-25.96097945433312,33.96626757111711,-3881.2616558,-98.07267664026782,-0.28204,-0.17331,-0.22768000000000002,0.10873,0.23836999999999997,7.2859,31.581448592034732,-13.341815576652346,-18.239633015382392,38.83395615422877,-3881.4036681999996,-98.07267664026782,-0.10132999999999999,-0.07202,-0.08668,0.029310000000000003,0.12816,6.6493,18.834841701883114,6.6772237694834615,-25.512065471366572,32.406821254452666,-3881.2677265,-98.07267664026782,-0.28734,-0.17324,-0.23029000000000002,0.1141,0.2324,7.3232,28.8492979272688,-8.38143331626921,-20.467864610999587,36.35194488697396,0.20877889999974286,0.14201239999965765,0.20270819999950618,0.13594169999942096
451C,uu,C,270.0,Met,His,SCE,Met/His,His/Met,Met/His,His/Met,Met,His,['C_Met/His'],False,0,0,1,C_Met/His,0,1,0,0,7.781706910911147,10.792403896589828,-3879.3419661,-94.26087908811249,-0.1758,-0.07297000000000001,-0.12437999999999999,0.10282999999999999,0.07522999999999999,0.8108,35.739494505953324,-10.620438218670463,-25.119056287282852,44.956336197040656,-3879.1644395999997,-94.26087908811249,-0.29645,-0.1828,-0.23961999999999997,0.11365,0.25261999999999996,4.3329,30.984391817616288,-7.280612783247263,-23.70377903436902,39.685123166918174,-3879.3039612,-94.26087908811249,-0.11729,-0.0716,-0.09445,0.045689999999999995,0.09761,1.1839,40.20419980336104,-10.905940393754593,-29.298259409606448,50.928432354955675,-3879.1507429,-94.26087908811249,-0.29803,-0.18533,-0.24168,0.1127,0.25914,4.4492,30.23857085430869,-6.358507250540601,-23.88006360376809,39.05200661627947,0.17752650000011272,0.13952160000008007,0.19122319999996762,0.15321829999993497
2CE0,du,C,86.0,Met,His,SHE,Met/His,His/Met,Met/His,His/Met,Met,His,['C_Met/His'],False,0,0,1,C_Met/His,1,0,0,0,7.197919013775134,13.07994424431364,-3880.5177755000004,-94.89943303843609,-0.13360999999999998,-0.11058,-0.1221,0.023030000000000002,0.32365,11.6882,41.087466347529656,13.801975529112026,-54.88944187664168,69.93943986689354,-3880.3572649999996,-94.89943303843609,-0.2802,-0.24461999999999998,-0.26241,0.03558,0.9676600000000001,17.4658,47.499794573435295,6.227464485177621,-53.727259058612916,71.98354092696472,-3880.5360465999997,-94.89943303843609,-0.14461,-0.07696,-0.11077999999999999,0.06765,0.09071,12.3335,37.508795763898156,13.978116603478886,-51.486912367377045,65.21655964063012,-3880.3793638,-94.89943303843609,-0.28078000000000003,-0.18719,-0.23398000000000002,0.09358999999999999,0.29249,14.3941,32.70101489134313,10.712917974998183,-43.41393286634133,55.39758616930954,0.16051050000078249,0.17878160000009302,0.1384117000002334,0.15668279999954393
1B5A,du,B,-102.0,His,His,SHE,His/His,His/His,His/His,His/His,His,His,['*_His/His'],False,1,0,0,*_His/His,1,0,0,0,2.802854698055281,2.0745075554683683,-3627.0853422,-91.99250225794107,-0.16555999999999998,-0.06365,-0.11460999999999999,0.10191,0.06444,4.1104,37.15194741934202,-12.75034841756759,-24.40159900177443,46.24150317260806,-3626.9179537,-91.99250225794107,-0.28975,-0.17462,-0.23219,0.11513,0.23413,4.8563,32.809848406573096,-12.567673772438306,-20.242174634134788,40.54846742395514,-3627.054655,-91.99250225794107,-0.17575,-0.06796,-0.12185,0.10779000000000001,0.06888,4.2395,37.70699467874087,-13.534193633586495,-24.172801045154372,46.79012882417211,-3626.8961259000002,-91.99250225794107,-0.29055,-0.17638,-0.23346,0.11417000000000001,0.23870999999999998,5.0587,31.98566740660877,-12.541577264905104,-19.444090141703672,39.477167086513134,0.16738850000001548,0.13670129999991332,0.18921629999977085,0.1585290999996687
1FJ0,du,C,350.0,Met,His,NHE,Met/His,His/Met,Met/His,His/Met,Met,His,['C_Met/His'],False,0,0,1,C_Met/His,1,0,0,0,9.040234446619696,13.024525116275525,-3880.5270025,-94.68874039609116,-0.13577999999999998,-0.11133,-0.12355,0.02445,0.31218,3.1214,31.52218522836059,1.395151984593895,-32.917337212954486,45.597650159866575,-3880.3686196999997,-94.68874039609116,-0.28386999999999996,-0.24040999999999998,-0.26214,0.043460000000000006,0.7905800000000001,9.1795,42.36496468296337,-5.6917067505036485,-36.67325793245972,56.32151990638073,-3880.5483535,-94.68874039609116,-0.14093,-0.06576,-0.10334000000000002,0.07517,0.07103999999999999,3.9016,31.31419654996676,0.18435513403825965,-31.49855168400502,44.41589412108386,-3880.3813927,-94.68874039609116,-0.28339000000000003,-0.19512000000000002,-0.23925,0.08827,0.32425,6.9035,29.762590014703147,-0.8516837258312826,-28.91090628887186,41.501537706404136,0.15838280000025406,0.17973380000012185,0.14560979999987467,0.16696079999974245
1CPO,du,B,-138.0,Cys,-,NHE,Cys/-,-/Cys,andere,andere,andere,-,[],False,0,0,0,andere,1,0,0,0,9.197187877098028,6.5041124401728725,-3535.3101704000005,-72.5957249522324,-0.17842,-0.09936,-0.13889,0.07906,0.122,2.5827,19.426370599662906,-3.018765170899716,-16.407605428763187,25.60676342560127,-3535.1585278000007,-72.5957249522324,-0.2932,-0.25361,-0.27341,0.03959,0.94406,12.1001,25.680848711927883,14.078966161048912,-39.75981487297679,49.38184036123274,-3535.3522155,-72.5957249522324,-0.14465,-0.10994000000000001,-0.12729000000000001,0.034710000000000005,0.23342,2.7649,19.333724983803247,-5.2919464017527,-14.041778582050545,24.473846534937948,-3535.1610509,-72.5957249522324,-0.28995,-0.2142,-0.25206999999999996,0.07575,0.41941999999999996,13.3003,30.343674725345892,8.684881616867058,-39.028556342212944,50.19356508986842,0.15164259999983187,0.19368769999937285,0.14911950000032448,0.19116459999986546
1CCG,uu,B,-127.0,-,IMD,SHE,-/IMD,-/IMD,andere,andere,-,andere,[],False,0,0,0,andere,0,1,0,0,16.87063122602758,11.51065203803454,-3399.3141416999997,-76.54144206294315,-0.18724000000000002,-0.08731,-0.13727,0.09992999999999999,0.09429,7.119,27.432851035970913,20.908080958498967,-48.340931994469884,59.38480337108877,-3399.1177668000005,-76.54144206294315,-0.30209,-0.19694,-0.24952,0.10515,0.29604,12.5756,37.59477990376225,-1.3515404901840498,-36.2432394135782,52.237597005402925,-3399.2813109,-76.54144206294315,-0.12825999999999999,-0.10767,-0.11797,0.02059,0.33792,7.1563,29.499951108609853,21.73553472550262,-51.235485834112474,62.99012295212905,-3399.1213577,-76.54144206294315,-0.29603,-0.19455999999999998,-0.2453,0.10147,0.29649000000000003,12.4812,37.482677356238725,-2.300062030653564,-35.18261532558517,51.459283013707505,0.19637489999922764,0.1635440999993989,0.19278399999984686,0.15995320000001811
1MOH,ud,B,103.0,His,HSH,NHE,His/HSH,HSH/His,andere,andere,His,andere,[],False,0,0,0,andere,0,0,1,0,3.7105663904668127,16.42967130798512,-3761.3385059,-83.67638757550466,-0.1684,-0.06298,-0.11569000000000002,0.10542,0.06348,4.6143,8.744418315644136,-1.2113626522323413,-7.533055663411795,11.605135879525776,-3761.1351174,-83.67638757550466,-0.27385,-0.17484,-0.22434,0.09901,0.25417,2.4307,21.65517480443456,9.409023795917774,-31.06419860035233,39.018723212923064,-3761.3001182,-83.67638757550466,-0.10887000000000001,-0.06348,-0.08617999999999999,0.04539,0.0818,5.1738,9.817711096969306,-3.1393969749502673,-6.6783141220190405,12.281821691517914,-3761.1167047,-83.67638757550466,-0.24975999999999998,-0.17955,-0.21465,0.07021000000000001,0.32814,2.1815,22.712599092270352,6.486372381397463,-29.198971473667807,37.556825202836606,0.2033885000000737,0.16500079999968875,0.22180120000030001,0.18341349999991508
2PCB,du,B,260.0,Met,His,SHE,Met/His,His/Met,Met/His,His/Met,Met,His,[],False,0,0,0,andere,1,0,0,0,5.417464891179131,16.513833755232834,-3879.3236703000002,-93.5046481610692,-0.16929,-0.08972999999999999,-0.12951,0.07956,0.10540999999999999,3.945,29.15354043046171,8.432280760540689,-37.585821191002395,48.30865588129269,-3879.1336435999997,-93.5046481610692,-0.27191,-0.19388,-0.23289,0.07803,0.34756,8.0176,16.384954356999792,14.781391237848327,-31.166345594848124,38.187659707617776,-3879.3233861000003,-93.5046481610692,-0.16838,-0.07679,-0.12258,0.09158999999999999,0.08202999999999999,4.1819,26.534045714900238,8.319559453167884,-34.85360516806812,44.587492020821216,-3879.1316713,-93.5046481610692,-0.2779,-0.20865999999999998,-0.24328000000000002,0.06924,0.42738999999999994,8.0798,17.560433801704335,12.545048850607936,-30.10548265231227,37.04169500964887,0.19002670000054422,0.18974250000064785,0.1919990000001235,0.19171480000022711
351C,uu,C,276.0,Met,His,SCE,Met/His,His/Met,Met/His,His/Met,Met,His,['C_Met/His'],False,0,0,1,C_Met/His,0,1,0,0,10.550532172735863,9.636247792637331,-3879.3536295000004,-94.171333360777,-0.1762,-0.073,-0.1246,0.1032,0.07522000000000001,4.1501,13.84238269515115,1.4391039541076065,-15.281486649258756,20.668972223925433,-3879.175671,-94.171333360777,-0.29696999999999996,-0.18270999999999998,-0.23984,0.11425999999999999,0.25172,6.1243,7.130679281143063,1.6501839010308812,-8.780863182173945,11.431240198326654,-3879.3148543000007,-94.171333360777,-0.11540999999999998,-0.07445,-0.09493,0.04096,0.11001,4.5236,18.665150534942104,-1.7609209712936966,-16.904229563648407,25.243646018349175,-3879.1641009000004,-94.171333360777,-0.2985,-0.18517999999999998,-0.24184,0.11332,0.25806,6.3669,7.746790489777732,0.8207699223183598,-8.567560412096093,11.579702827482636,0.17795850000038627,0.13918330000069545,0.18952859999990324,0.15075340000021242
1JP6,ud,B,50.0,His,-,NHE,His/-,-/His,His/-,-/His,His,-,['B_-/His'],False,0,1,0,B_-/His,0,0,1,0,1.566410971426352,0.4239014116686619,-3438.4935341,-79.66363136932921,-0.15456,-0.09723,-0.1259,0.05732999999999999,0.13823,3.6011,17.916237482207986,-3.8819812160873197,-14.034256266120662,23.08726254556135,-3438.3492128,-79.66363136932921,-0.29917,-0.23792,-0.26854,0.06125,0.5887100000000001,8.6948,29.461717752892074,13.629171534049325,-43.0908892869414,53.949716092572935,-3438.5526343,-79.66363136932921,-0.17029,-0.07184,-0.12107000000000001,0.09845,0.07443999999999999,3.597,16.252285218344948,-2.9438047137732166,-13.308480504571733,21.21128035625933,-3438.350182,-79.66363136932921,-0.27729000000000004,-0.21141,-0.24435,0.06588,0.45315,3.3476,23.88969050416157,6.789204818179951,-30.678895322341525,39.47157499577403,0.1443213000002288,0.20342150000033143,0.14335209999990184,0.20245230000000447
1EHB,dd,B,-10.0,His,His,SHE,His/His,His/His,His/His,His/His,His,His,['*_His/His'],False,1,0,0,*_His/His,0,0,0,1,14.223193028149323,5.401331620064122,-3627.6536365999996,-90.66483466477536,-0.17277,-0.06486,-0.11882000000000001,0.10790999999999999,0.06541,6.1119,26.97673225057157,17.99331712722922,-44.97004937780079,55.44194157135833,-3627.4788236,-90.66483466477536,-0.28398,-0.1747,-0.22934000000000002,0.10928,0.24065,8.0885,28.33457722381339,11.213621961961005,-39.548199185774386,49.926482357091615,-3627.6113447,-90.66483466477536,-0.10897000000000001,-0.06382,-0.08639,0.04515,0.08266,6.7574,31.43623872320113,11.201225313772257,-42.63746403697338,54.14478638886833,-3627.4632879,-90.66483466477536,-0.28520999999999996,-0.17705,-0.23113000000000003,0.10815999999999999,0.24695,8.0514,29.59724874498135,9.347017415532127,-38.94426616051348,49.799796531908406,0.17481299999963085,0.13252109999984896,0.19034869999950388,0.148056799999722
1VB6,dd,B,63.9,His,Met,SHE,His/Met,His/Met,andere,His/Met,His,andere,[],False,0,0,0,andere,0,0,0,1,1.1931685395438585,0.678528331476021,-3879.3293478,-92.48362016048029,-0.17982,-0.08522,-0.13252,0.0946,0.09282,7.3862,33.28011312136307,14.774999615782177,-48.05511273714525,60.29229140774819,-3879.1388380999997,-92.48362016048029,-0.27898,-0.18825999999999998,-0.23362,0.09072000000000001,0.30080999999999997,10.5651,23.638670207771487,14.250161615256069,-37.888831823027566,46.87661903514765,-3879.3057077,-92.48362016048029,-0.16559000000000001,-0.0807,-0.12314000000000001,0.08489,0.08932000000000001,7.2849,28.938152374755703,19.74994339373788,-48.688095768493575,59.98339433945392,-3879.0673242,-92.48362016048029,-0.23306,-0.18387,-0.20847,0.04919,0.44173,10.1813,29.190633149264674,16.42645060534249,-45.61708375460717,56.593636333244675,0.19050970000034795,0.1668696000001546,0.2620236000002478,0.23838350000005448
2V07,du,C,83.0,Met,His,SHE,Met/His,His/Met,Met/His,His/Met,Met,His,['C_Met/His'],False,0,0,1,C_Met/His,1,0,0,0,9.685125683528105,9.57934906739151,-3880.5163784,-95.07013500451029,-0.12972999999999998,-0.10630999999999999,-0.11802,0.02342,0.29736999999999997,3.4673,12.504774619207033,3.40621473089665,-15.910989350103689,20.521483113295073,-3880.3933864,-95.07013500451029,-0.27566999999999997,-0.18367,-0.22966999999999999,0.092,0.28668000000000005,5.7396,18.334063202842323,7.522183212063433,-25.856246414905748,32.577086901157315,-3880.5502776999997,-95.07013500451029,-0.14335,-0.07139,-0.10737000000000001,0.07196,0.0801,4.1028,11.892942167397926,5.821000440851675,-17.713942608249603,22.11582877167002,-3880.3833655999997,-95.07013500451029,-0.27592,-0.1834,-0.22966,0.09252,0.28504,5.8512,20.31664129114822,9.066319535361838,-29.382960826510054,36.85542633321037,0.12299200000006749,0.1568912999996428,0.13301280000041515,0.16691209999999046
1CCE,uu,B,-127.0,-,-,SHE,-/-,-/-,andere,andere,-,-,[],False,0,0,0,andere,0,1,0,0,24.739250544594633,24.606578427152463,-3249.2073551,-69.36974821521096,-0.18567,-0.11356,-0.14961,0.07211000000000001,0.15521,6.5396,23.283015298041214,16.262614085953018,-39.54562938399424,48.68704367338078,-3249.000766,-69.36974821521096,-0.30301999999999996,-0.21753000000000003,-0.26028,0.08549,0.3962,15.0898,54.699847257701855,-19.584791285644506,-35.115055972057355,67.88743992489222,-3249.1908313999998,-69.36974821521096,-0.16582,-0.10329,-0.13455999999999999,0.06253,0.14477,5.5919,35.3375003043871,6.09486067033744,-41.43236097472454,54.79531722960697,-3248.9781263,-69.36974821521096,-0.27760999999999997,-0.22794,-0.25278,0.04967,0.6432,17.05,50.27264527508337,-11.809667329688892,-38.46297794539448,64.39105357254313,0.2065890999997464,0.19006539999963934,0.22922879999987344,0.2127050999997664
1EBT,ud,B,103.0,His,CN,NHE,His/CN,CN/His,andere,andere,His,andere,[],False,0,0,0,andere,0,0,1,0,0.19886717444724994,15.770743291590636,-3455.6017331,-85.15890216703086,-0.18528,-0.07188,-0.12858,0.1134,0.0729,3.5001,19.93633825881533,-0.12361089574784145,-19.812727363067484,28.107241564883143,-3455.3818818000004,-85.15890216703086,-0.30256,-0.18742999999999999,-0.245,0.11513,0.26066999999999996,3.9797,32.75339973388485,-8.633436303723581,-24.11996343016127,41.58237668392382,-3455.6026405000002,-85.15890216703086,-0.17188,-0.07472000000000001,-0.1233,0.09716,0.07824,3.5612,20.269141385132688,-1.3332090226815865,-18.9359323624511,27.770219178536944,-3455.4123787,-85.15890216703086,-0.29902,-0.18838,-0.2437,0.11064,0.26839,4.1201,31.46362668170792,-10.934209832475052,-20.52941684923287,39.127659076362384,0.2198512999993909,0.22075869999980569,0.1893543999999565,0.1902618000003713
1ES1,dd,B,12.0,His,His,SHE,His/His,His/His,His/His,His/His,His,His,['*_His/His'],False,1,0,0,*_His/His,0,0,0,1,14.270593425425556,8.460821359746571,-3627.4958318000004,-90.67610373106041,-0.17332999999999998,-0.06587,-0.1196,0.10745999999999999,0.06656000000000001,2.156,36.47415559207703,12.834595589949885,-49.30875118202691,62.66134225536224,-3627.3208240999998,-90.67610373106041,-0.28203,-0.17517,-0.2286,0.10686,0.24452,3.6296,32.07429727450357,12.287694147494804,-44.361991421998376,56.10467229726525,-3627.4613949,-90.67610373106041,-0.10977,-0.061860000000000005,-0.08582000000000001,0.04791,0.07685,3.0407,41.162318515748936,7.112969680937795,-48.275288196686745,63.83912792126057,-3627.3103874,-90.67610373106041,-0.28276,-0.17769000000000001,-0.23023000000000002,0.10507000000000001,0.25223,3.5916,31.73499182674283,12.060170286013117,-43.795162112755946,55.412756997406674,0.17500770000060584,0.14057080000020505,0.185444400000506,0.1510075000001052
1F1F,du,C,314.0,Met,His,SHE,Met/His,His/Met,Met/His,His/Met,Met,His,['C_Met/His'],False,0,0,1,C_Met/His,1,0,0,0,11.580547895638626,20.408575785908774,-3881.4386833000003,-95.64500126154616,-0.1791,-0.07173,-0.12541,0.10737000000000001,0.07325,9.1415,24.824175107964678,-2.292979749917574,-22.531195358047107,33.60285985813566,-3881.2499909999997,-95.64500126154616,-0.29013,-0.18254,-0.23634000000000002,0.10759,0.25956999999999997,11.0074,20.371290630360654,-4.893107089822427,-15.478183540538227,26.048150503513273,-3881.4196797,-95.64500126154616,-0.17352,-0.07497000000000001,-0.12424,0.09855,0.07832,9.2322,24.456697091035245,-1.8400165720518016,-22.616680518983443,33.362103220358314,-3881.2390288,-95.64500126154616,-0.29052,-0.18461,-0.23756,0.10590999999999999,0.26644,11.0158,19.747607894888027,-6.385489038229686,-13.36211885665834,24.683774188058443,0.18869230000063908,0.1696887000002789,0.19965450000017881,0.18065089999981865
6U97,uu,C,179.3,Met,His,NHE,Met/His,His/Met,Met/His,His/Met,Met,His,['C_Met/His'],False,0,0,1,C_Met/His,0,1,0,0,14.284084789725904,6.3835006999487005,-3879.0465458000003,-94.10300441911212,-0.18136,-0.06262000000000001,-0.12199000000000002,0.11874000000000001,0.06266000000000001,8.1112,24.14635811521225,8.250341894829331,-32.396700010041585,41.23907036779988,-3878.8634221999996,-94.10300441911212,-0.29346,-0.17643,-0.23495,0.11703,0.23583,9.6889,22.795177055655852,10.710549346092687,-33.50572640174854,41.9162219910456,-3878.9314694,-94.10300441911212,-0.10885,-0.05181,-0.08033,0.05704,0.05656,7.9901,27.47732699372541,4.521705890582815,-31.999032884308228,42.419187031484725,-3878.8519996,-94.10300441911212,-0.29465,-0.17865,-0.23665,0.11599999999999999,0.24139000000000002,9.9575,22.495928950353665,11.806177154394838,-34.3021061047485,42.685912448508574,0.18312360000072658,0.06804720000036468,0.19454620000033174,0.07946979999996984
1HRC,du,C,260.0,Met,His,SHE,Met/His,His/Met,Met/His,His/Met,Met,His,['C_Met/His'],False,0,0,1,C_Met/His,1,0,0,0,17.430320083679792,27.56296977422993,-3880.4971191,-94.33347452855395,-0.13671,-0.11208,-0.1244,0.024630000000000003,0.31413,6.1459,28.914185858231573,22.160816777720083,-51.075002635951655,62.73585767615286,-3880.3441691,-94.33347452855395,-0.28601,-0.23551,-0.26076,0.0505,0.67323,14.0066,47.380819935792545,0.10796065151761523,-47.48878058731015,67.08306816894974,-3880.5349085000003,-94.33347452855395,-0.15199000000000001,-0.07015,-0.11107,0.08184,0.07537,7.1093,26.447976386271854,21.030249658204106,-47.47822604447597,58.27476987466825,-3880.3547244,-94.33347452855395,-0.28207,-0.19187,-0.23697,0.0902,0.31128,10.6562,27.70573230105132,11.462726533346538,-39.16845883439786,49.3271717147631,0.15295000000014625,0.19073940000043876,0.14239469999984067,0.18018410000013318
2GSM,du,A,300.0,-,His,NHE,-/His,-/His,-/His,-/His,-,His,[],False,0,0,0,andere,1,0,0,0,10.496312013963363,10.298891364566988,-3364.7508534999997,-78.05215592584558,-0.18385,-0.06765,-0.12575,0.1162,0.06804,7.3032,22.66536013869494,8.879171092292056,-31.544531230987,39.84489528265385,-3364.5594399000006,-78.05215592584558,-0.29909,-0.22453,-0.26181,0.07456,0.45966,9.5585,33.07302994743837,-4.312639256647742,-28.76039069079063,44.04071116534168,-3364.7839838,-78.05215592584558,-0.16112,-0.06813999999999999,-0.11463,0.09298,0.07066,7.4402,22.697054207167405,9.195623161016146,-31.892677368183552,40.21018061030762,-3364.5949593,-78.05215592584558,-0.29771,-0.18427000000000002,-0.24099,0.11344000000000001,0.25598000000000004,9.4262,33.24080751356532,-4.331831923723815,-28.908975589841514,44.265617836981704,0.1914135999991231,0.2245438999993894,0.15589419999969323,0.18902449999995952
